{"cameraMode":{"drawMode":0,"name":"Shaded","section":"Shading Mode"},"sceneLighting":true,"audioPlay":false,"sceneViewState":{"m_AlwaysRefresh":false,"showFog":true,"showSkybox":true,"showFlares":true,"showImageEffects":true,"showParticleSystems":true,"showVisualEffectGraphs":true,"m_FxEnabled":true},"in2DMode":false,"pivot":{"x":0.3359234631061554,"y":0.5161101818084717,"z":1.876747727394104},"rotation":{"x":-0.15508396923542024,"y":0.2078457772731781,"z":-0.03339439630508423,"w":-0.9652175903320313},"size":1.6732051372528077,"orthographic":false}